{
    "model": "RandomForestModel1",
    "accuracy": 0.9187001992031872,
    "macro_f1": 0.873025802830625,
    "weighted_f1": 0.916133938126592,
    "per_class": {
        "ATX": {
            "precision": 1.0,
            "recall": 1.0,
            "f1": 1.0,
            "support": 3120.0
        },
        "Full-Tower": {
            "precision": 1.0,
            "recall": 1.0,
            "f1": 1.0,
            "support": 1422.0
        },
        "Micro-ATX": {
            "precision": 0.8357682619647355,
            "recall": 0.9561959654178674,
            "f1": 0.8919354838709678,
            "support": 1735.0
        },
        "Mini-ITX": {
            "precision": 0.8603351955307262,
            "recall": 0.7241379310344828,
            "f1": 0.7863829787234042,
            "support": 638.0
        },
        "SFF": {
            "precision": 0.7396694214876033,
            "recall": 0.6410026857654432,
            "f1": 0.686810551558753,
            "support": 1117.0
        }
    },
    "confusion_matrix": [
        [
            3120,
            0,
            0,
            0,
            0
        ],
        [
            0,
            1422,
            0,
            0,
            0
        ],
        [
            0,
            0,
            1659,
            0,
            76
        ],
        [
            0,
            0,
            0,
            462,
            176
        ],
        [
            0,
            0,
            326,
            75,
            716
        ]
    ]
}