{
    "model": "RandomForestModel2_Laptop",
    "accuracy": 0.7166012198178628,
    "macro_f1": 0.5923322477625836,
    "weighted_f1": 0.6816096458606489,
    "per_class": {
        "2-in-1": {
            "precision": 0.32867132867132864,
            "recall": 0.06666666666666667,
            "f1": 0.11084905660377359,
            "support": 1410.0
        },
        "Gaming": {
            "precision": 0.7817258883248731,
            "recall": 0.8669629629629629,
            "f1": 0.8221410508569823,
            "support": 3375.0
        },
        "Mainstream": {
            "precision": 0.7694391763749662,
            "recall": 0.7968574635241302,
            "f1": 0.7829083390764989,
            "support": 3564.0
        },
        "Ultrabook": {
            "precision": 0.625,
            "recall": 0.8821307140158671,
            "f1": 0.7316308945636848,
            "support": 2647.0
        },
        "Workstation": {
            "precision": 0.7446393762183235,
            "recall": 0.3926002055498458,
            "f1": 0.5141318977119784,
            "support": 973.0
        }
    },
    "confusion_matrix": [
        [
            94,
            0,
            309,
            1007,
            0
        ],
        [
            0,
            2926,
            318,
            0,
            131
        ],
        [
            73,
            257,
            2840,
            394,
            0
        ],
        [
            119,
            0,
            193,
            2335,
            0
        ],
        [
            0,
            560,
            31,
            0,
            382
        ]
    ]
}