{
    "model": "StackingModel_Laptop",
    "accuracy": 0.8212047790124488,
    "macro_f1": 0.7841005362601156,
    "weighted_f1": 0.8168337492158463,
    "per_class": {
        "2-in-1": {
            "precision": 0.9701365187713311,
            "recall": 0.8063829787234043,
            "f1": 0.8807126258714175,
            "support": 1410.0
        },
        "Gaming": {
            "precision": 0.8977239136860774,
            "recall": 0.8998518518518519,
            "f1": 0.89878662326132,
            "support": 3375.0
        },
        "Mainstream": {
            "precision": 0.6707738867271941,
            "recall": 0.8706509539842873,
            "f1": 0.7577533577533577,
            "support": 3564.0
        },
        "Ultrabook": {
            "precision": 0.9040816326530612,
            "recall": 0.8367963732527389,
            "f1": 0.869138709044536,
            "support": 2647.0
        },
        "Workstation": {
            "precision": 0.9970414201183432,
            "recall": 0.34635149023638234,
            "f1": 0.5141113653699466,
            "support": 973.0
        }
    },
    "confusion_matrix": [
        [
            1137,
            25,
            234,
            14,
            0
        ],
        [
            2,
            3037,
            329,
            7,
            0
        ],
        [
            28,
            254,
            3103,
            178,
            1
        ],
        [
            1,
            25,
            406,
            2215,
            0
        ],
        [
            4,
            42,
            554,
            36,
            337
        ]
    ]
}