{
    "model": "StackingModel_Desktop",
    "accuracy": 0.7760209163346613,
    "macro_f1": 0.7124726091408594,
    "weighted_f1": 0.7510955174796644,
    "per_class": {
        "ATX": {
            "precision": 0.8661233993015134,
            "recall": 0.9538461538461539,
            "f1": 0.9078706528370958,
            "support": 3120.0
        },
        "Full-Tower": {
            "precision": 0.8661417322834646,
            "recall": 0.8509142053445851,
            "f1": 0.8584604469670096,
            "support": 1422.0
        },
        "Micro-ATX": {
            "precision": 0.5443548387096774,
            "recall": 0.7780979827089337,
            "f1": 0.6405693950177936,
            "support": 1735.0
        },
        "Mini-ITX": {
            "precision": 0.9611829944547134,
            "recall": 0.8150470219435737,
            "f1": 0.8821034775233249,
            "support": 638.0
        },
        "SFF": {
            "precision": 0.9943820224719101,
            "recall": 0.1584601611459266,
            "f1": 0.27335907335907333,
            "support": 1117.0
        }
    },
    "confusion_matrix": [
        [
            2976,
            8,
            136,
            0,
            0
        ],
        [
            46,
            1210,
            166,
            0,
            0
        ],
        [
            261,
            108,
            1350,
            15,
            1
        ],
        [
            17,
            6,
            95,
            520,
            0
        ],
        [
            136,
            65,
            733,
            6,
            177
        ]
    ]
}