{
    "model": "RandomForestModel2_Desktop",
    "accuracy": 0.6632221115537849,
    "macro_f1": 0.6684177209462507,
    "weighted_f1": 0.6618632499776678,
    "per_class": {
        "ATX": {
            "precision": 0.6759285511766374,
            "recall": 0.764102564102564,
            "f1": 0.7173160824432074,
            "support": 3120.0
        },
        "Full-Tower": {
            "precision": 0.846079380445305,
            "recall": 0.6146272855133614,
            "f1": 0.7120162932790224,
            "support": 1422.0
        },
        "Micro-ATX": {
            "precision": 0.5198533903481979,
            "recall": 0.4904899135446686,
            "f1": 0.5047449584816133,
            "support": 1735.0
        },
        "Mini-ITX": {
            "precision": 0.775811209439528,
            "recall": 0.8244514106583072,
            "f1": 0.7993920972644377,
            "support": 638.0
        },
        "SFF": {
            "precision": 0.5980985306828004,
            "recall": 0.6195165622202328,
            "f1": 0.6086191732629728,
            "support": 1117.0
        }
    },
    "confusion_matrix": [
        [
            2384,
            157,
            523,
            0,
            56
        ],
        [
            543,
            874,
            5,
            0,
            0
        ],
        [
            580,
            0,
            851,
            6,
            298
        ],
        [
            0,
            0,
            1,
            526,
            111
        ],
        [
            20,
            2,
            257,
            146,
            692
        ]
    ]
}